{
    "dc_per_class_pp_all": {
        "1": 0.273026680639693,
        "2": 0.728065348685579
    },
    "dc_per_class_pp_per_class": {
        "1": 0.5359574745997263,
        "2": 0.7717509709294313
    },
    "dc_per_class_raw": {
        "1": 0.5824204820266699,
        "2": 0.8227265339049719
    },
    "for_which_classes": [],
    "min_valid_object_sizes": "None",
    "num_samples": 3360,
    "validation_final": "validation_raw_postprocessed",
    "validation_raw": "validation_raw"
}