{
    "dc_per_class_pp_all": {
        "1": 0.243052860539896,
        "2": 0.6893773611177185
    },
    "dc_per_class_pp_per_class": {
        "1": 0.5487282591139946,
        "2": 0.7332423496051498
    },
    "dc_per_class_raw": {
        "1": 0.595802120473541,
        "2": 0.7896488580487626
    },
    "for_which_classes": [],
    "min_valid_object_sizes": "None",
    "num_samples": 672,
    "validation_final": "validation_raw_postprocessed",
    "validation_raw": "validation_raw"
}