{
    "dc_per_class_pp_all": {
        "1": 0.24327833461810208,
        "2": 0.6876425717958735
    },
    "dc_per_class_pp_per_class": {
        "1": 0.5231737720154512,
        "2": 0.7311710231659594
    },
    "dc_per_class_raw": {
        "1": 0.5696468623840902,
        "2": 0.783382858821407
    },
    "for_which_classes": [],
    "min_valid_object_sizes": "None",
    "num_samples": 672,
    "validation_final": "validation_raw_postprocessed",
    "validation_raw": "validation_raw"
}