{
    "dc_per_class_pp_all": {
        "1": 0.2169310706955672,
        "2": 0.6414777779004969
    },
    "dc_per_class_pp_per_class": {
        "1": 0.44628624537664235,
        "2": 0.6827625877850084
    },
    "dc_per_class_raw": {
        "1": 0.48616052140836596,
        "2": 0.7245471583508861
    },
    "for_which_classes": [],
    "min_valid_object_sizes": "None",
    "num_samples": 672,
    "validation_final": "validation_raw_postprocessed",
    "validation_raw": "validation_raw"
}