,trainer_class,dc_whole,dc_core,dc_enh,hd95_whole,hd95_core,hd95_enh
0,nnUNetTrainerV2BraTSRegions,0.6166634210526316,0.5890486842105264,0.8134734210526311,56.85887368421064,57.91296842105277,30.0016710526316
1,nnUNetTrainerV2BraTSRegions_BN,0.626686842105263,0.5978344736842104,0.8310728947368416,74.62642894736855,74.87337368421068,27.808044736842113
2,nnUNetTrainerV2BraTSRegions_DA3,0.5898063157894742,0.5612015789473684,0.8085018421052629,68.10041578947384,68.27303947368434,33.85590526315792
3,nnUNetTrainerV2BraTSRegions_Dice,0.5921926315789471,0.5614213157894737,0.7270492105263157,50.225571052631686,50.40978684210536,61.39835000000009
4,nnUNetTrainerV2BraTSRegions_DA3_BN,0.6202171052631583,0.5919723684210528,0.8203544736842108,71.20705789473702,70.42035000000018,27.992228947368442
5,nnUNetTrainerV2BraTSRegions_DA4_BN,0.629114210526316,0.6000463157894732,0.8019700000000006,63.70275263157906,63.86042894736853,34.93447105263161
6,nnUNetTrainerV2BraTSRegions_DA3_BN_BD,0.6497184210526317,0.6193071052631578,0.8106452631578951,80.74846052631598,80.93581315789488,33.822634210526346
7,nnUNetTrainerV2BraTSRegions_DA4_BN_BD,0.6461110526315788,0.6207981578947374,0.8276828947368418,75.93078421052648,74.1875105263159,28.82157105263159
8,ensemble,0.6501118421052632,0.6205668421052631,0.8218223684210524,76.90017894736859,77.11012368421066,29.948100000000025
