,dc_whole,dc_core,dc_enh,hd95_whole,hd95_core,hd95_enh
mean,0.6501118421052632,0.6205668421052631,0.8218223684210524,76.90017894736859,77.11012368421066,29.948100000000025
std,0.36334078828916583,0.3498351074156265,0.2749473792777166,147.17104235655958,147.067957075449,98.81475204438976
median,0.83325,0.77845,0.895,2.8280000000000003,3.162,1.0
25th,0.47369999999999995,0.4534,0.7942750000000001,1.0,1.0,0.0
75th,0.9011,0.860575,1.0,15.492750000000001,15.492750000000001,2.0
