,dc_whole,dc_core,dc_enh,hd95_whole,hd95_core,hd95_enh
mean,0.6461110526315788,0.6207981578947374,0.8276828947368418,75.93078421052648,74.1875105263159,28.82157105263159
std,0.36541445163078984,0.34935312852969314,0.269148185581149,146.42800698718207,144.813233255576,97.26935565730325
median,0.83885,0.77545,0.8969,2.8280000000000003,3.162,1.0
25th,0.43577499999999997,0.4443,0.807425,1.0,1.4140000000000001,0.0
75th,0.897125,0.858225,1.0,12.55975,12.071,1.4360000000000002
