,trainer_class,dc_whole,dc_core,dc_enh,hd95_whole,hd95_core,hd95_enh
0,nnUNetTrainerV2_mlia,0.6266068421052631,0.5937960526315784,0.8001426315789472,65.26071842105274,65.53335789473698,38.693136842105304
1,nnUNetTrainerV2BraTSRegions,0.6166594736842105,0.5890478947368422,0.8134955263157891,56.85916052631591,57.912986842105404,30.0016710526316
2,nnUNetTrainerV2BraTSRegions_DA3_BN_BD,0.6497184210526317,0.6193071052631578,0.8106452631578951,80.74846052631598,80.93581315789488,33.822634210526346
3,nnUNetTrainerV2BraTSRegions_DA4_BN_BD,0.6587265789473682,0.6287552631578945,0.8193205263157896,70.97958421052645,71.19271315789487,29.88774473684213
