,trainer_class,dc_whole,dc_core,dc_enh,hd95_whole,hd95_core,hd95_enh
0,nnUNetTrainerV2BraTSRegions,0.8762555059523827,0.8574196428571432,0.8936142857142851,11.000735119047615,11.23717559523809,13.965800595238095
1,nnUNetTrainerV2BraTSRegions_BN,0.8901522321428569,0.8726940476190482,0.9051034226190475,10.840916666666661,11.05682738095238,11.685376488095233
2,nnUNetTrainerV2BraTSRegions_DA3,0.865930803571429,0.8467872023809528,0.8851947916666661,10.289625,9.946306547619045,16.2182142857143
3,nnUNetTrainerV2BraTSRegions_Dice,0.7975141369047621,0.776873660714285,0.862548214285714,36.91353422619057,37.13824702380961,23.451266369047648
4,nnUNetTrainerV2BraTSRegions_DA3_BN,0.8663401785714284,0.8451165178571416,0.8962029761904756,10.805291666666658,11.05199107142856,11.231337797619048
5,nnUNetTrainerV2BraTSRegions_DA4_BN,0.8750766369047621,0.8542593750000007,0.8961473214285712,7.450102678571429,7.663001488095235,13.407566964285715
6,nnUNetTrainerV2BraTSRegions_DA3_BN_BD,0.8729229166666664,0.8532230654761913,0.8976270833333325,13.857586309523814,14.095421130952385,12.855635416666665
7,nnUNetTrainerV2BraTSRegions_DA4_BN_BD,0.8766522321428574,0.8573526785714288,0.9030933035714284,13.767099702380952,14.014690476190484,11.174296130952378
