,dc_whole,dc_core,dc_enh,hd95_whole,hd95_core,hd95_enh
mean,0.6545881578947369,0.6258381578947374,0.8226386842105261,76.09760526315802,76.51548684210542,31.286102631578963
std,0.3620397046576201,0.3498049378667551,0.2730247260944507,144.08643790389578,143.89916277830787,100.28067892313575
median,0.8212999999999999,0.78525,0.90145,4.123,5.0,1.0
25th,0.513325,0.48840000000000006,0.801925,1.4140000000000001,1.4140000000000001,0.0
75th,0.9079750000000001,0.8687,1.0,24.2765,25.070500000000003,2.2359999999999998
