,trainer_class,dc_whole,dc_core,dc_enh,hd95_whole,hd95_core,hd95_enh
0,nnUNetTrainerV2BraTSRegions,0.6244089473684207,0.5975360526315787,0.802456052631579,62.08487105263168,63.063852631579124,34.585215789473715
1,nnUNetTrainerV2BraTSRegions_BN,0.6590636842105262,0.6322634210526316,0.8350563157894738,72.67637368421066,73.0419105263159,25.425544736842117
2,nnUNetTrainerV2BraTSRegions_Dice,0.595845789473684,0.5703573684210531,0.7293494736842107,54.84496578947376,54.115097368421154,60.1277157894738
3,nnUNetTrainerV2BraTSRegions_DA4_BN,0.6306631578947369,0.6038563157894737,0.7974642105263156,70.49027894736852,70.6007921052633,34.46728421052636
4,nnUNetTrainerV2BraTSRegions_DA3_BN_BD,0.6499144736842102,0.6243526315789476,0.8207189473684212,71.88050526315801,71.32311052631587,31.484328947368454
5,nnUNetTrainerV2BraTSRegions_DA4_BN_BD,0.6542271052631576,0.6254581578947368,0.8227289473684211,77.06203421052648,77.46333947368437,30.38686315789476
6,ensemble,0.6545881578947369,0.6258381578947374,0.8226386842105261,76.09760526315802,76.51548684210542,31.286102631578963
