{
    "dc_per_class_pp_all": {
        "1": 0.27820491357991034,
        "2": 0.7198088483205822
    },
    "dc_per_class_pp_per_class": {
        "1": 0.5633680369610459,
        "2": 0.7664416640368464
    },
    "dc_per_class_raw": {
        "1": 0.6137833773550699,
        "2": 0.8161817750042725
    },
    "for_which_classes": [],
    "min_valid_object_sizes": "None",
    "num_samples": 3360,
    "validation_final": "validation_raw_postprocessed",
    "validation_raw": "validation_raw"
}