{
    "dc_per_class_pp_all": {
        "1": 0.2721075773978606,
        "2": 0.7143155710952208
    },
    "dc_per_class_pp_per_class": {
        "1": 0.5433727209504391,
        "2": 0.7604400105581473
    },
    "dc_per_class_raw": {
        "1": 0.5927255491806251,
        "2": 0.8113681578941547
    },
    "for_which_classes": [],
    "min_valid_object_sizes": "None",
    "num_samples": 3360,
    "validation_final": "validation_raw_postprocessed",
    "validation_raw": "validation_raw"
}