{
    "dc_per_class_pp_all": {
        "1": 0.2311279198352256,
        "2": 0.6953118384050399
    },
    "dc_per_class_pp_per_class": {
        "1": 0.5298905443047691,
        "2": 0.7350966965805754
    },
    "dc_per_class_raw": {
        "1": 0.5794481700407678,
        "2": 0.7860622854546264
    },
    "for_which_classes": [],
    "min_valid_object_sizes": "None",
    "num_samples": 672,
    "validation_final": "validation_raw_postprocessed",
    "validation_raw": "validation_raw"
}