{
    "dc_per_class_pp_all": {
        "1": 0.2271425736993443,
        "2": 0.6835457682174039
    },
    "dc_per_class_pp_per_class": {
        "1": 0.5157019548675146,
        "2": 0.7252739129178165
    },
    "dc_per_class_raw": {
        "1": 0.563193645239936,
        "2": 0.7743609113685891
    },
    "for_which_classes": [],
    "min_valid_object_sizes": "None",
    "num_samples": 672,
    "validation_final": "validation_raw_postprocessed",
    "validation_raw": "validation_raw"
}