{
    "dc_per_class_pp_all": {
        "1": 0.4134240950072439,
        "2": 0.454773488276905,
        "3": 0.6816003922609458
    },
    "dc_per_class_pp_per_class": {
        "1": 0.38321061371435056,
        "2": 0.4463449365970891,
        "3": 0.6625378336959095
    },
    "dc_per_class_raw": {
        "1": 0.4134240950072439,
        "2": 0.45594902489413214,
        "3": 0.669782214901022
    },
    "for_which_classes": [],
    "min_valid_object_sizes": "None",
    "num_samples": 672,
    "validation_final": "validation_raw_postprocessed",
    "validation_raw": "validation_raw"
}