{
    "dc_per_class_pp_all": {
        "1": 0.22760211669628813,
        "2": 0.6941246168934548
    },
    "dc_per_class_pp_per_class": {
        "1": 0.485719447579529,
        "2": 0.7321127813441529
    },
    "dc_per_class_raw": {
        "1": 0.526124170174903,
        "2": 0.7782581434793279
    },
    "for_which_classes": [],
    "min_valid_object_sizes": "None",
    "num_samples": 672,
    "validation_final": "validation_raw_postprocessed",
    "validation_raw": "validation_raw"
}