{
    "dc_per_class_pp_all": {
        "1": 0.26941327693390454,
        "2": 0.7500222283808524
    },
    "dc_per_class_pp_per_class": {
        "1": 0.5287580119134272,
        "2": 0.7991091479238267
    },
    "dc_per_class_raw": {
        "1": 0.5762674734296401,
        "2": 0.8651609313586389
    },
    "for_which_classes": [],
    "min_valid_object_sizes": "None",
    "num_samples": 3360,
    "validation_final": "validation_raw_postprocessed",
    "validation_raw": "validation_raw"
}