{
    "dc_per_class_pp_all": {
        "1": 0.7114294015569771,
        "2": 0.7729369383228244,
        "3": 0.825456198951003
    },
    "dc_per_class_pp_per_class": {
        "1": 0.6414380737845015,
        "2": 0.7320149252238248,
        "3": 0.7937925972387606
    },
    "dc_per_class_raw": {
        "1": 0.7142817401234628,
        "2": 0.796416479121241,
        "3": 0.8363815118012348
    },
    "for_which_classes": [],
    "min_valid_object_sizes": "None",
    "num_samples": 672,
    "validation_final": "validation_raw_postprocessed",
    "validation_raw": "validation_raw"
}