{
    "dc_per_class_pp_all": {
        "1": 0.266000155549541,
        "2": 0.7217226180560246
    },
    "dc_per_class_pp_per_class": {
        "1": 0.5390680545825599,
        "2": 0.7683493875515641
    },
    "dc_per_class_raw": {
        "1": 0.5856513239192723,
        "2": 0.8268952505375944
    },
    "for_which_classes": [],
    "min_valid_object_sizes": "None",
    "num_samples": 3360,
    "validation_final": "validation_raw_postprocessed",
    "validation_raw": "validation_raw"
}